[
  {
    "ParameterKey": "KeyName",
    "ParameterValue": "MyKp01"
  },
  {
    "ParameterKey": "SSHLocation",
    "ParameterValue": "0.0.0.0/0"
  },
  {
    "ParameterKey": "FrontendInstanceType",
    "ParameterValue": "m1.small"
  },
  {
    "ParameterKey": "FrontendSize",
    "ParameterValue": "2"
  },
  {
    "ParameterKey": "BackendInstanceType",
    "ParameterValue": "m1.small"
  },
  {
    "ParameterKey": "BackendSize",
    "ParameterValue": "1"
  },
  {
    "ParameterKey": "BastionInstanceType",
    "ParameterValue": "m1.small"
  },
  {
    "ParameterKey": "NATInstanceType",
    "ParameterValue": "m1.small"
  },
  {
    "ParameterKey": "NATInstanceType",
    "ParameterValue": "m1.small"
  }
]